inventory,bid_delta,ask_delta,intervention
-25,0.02,0.025,1
-24,0.02,0.03,1
-23,0.02,0.03,1
-22,0.02,0.03,1
-21,0.02,0.03,1
-20,0.02,0.03,1
-19,0.02,0.03,1
-18,0.02,0.03,1
-17,0.02,0.03,1
-16,0.02,0.03,1
-15,0.02,0.03,1
-14,0.0195819,0.03,1
-13,0.0168058,0.0304181,0
-12,0.0159098,0.0331942,0
-11,0.0160124,0.0340902,0
-10,0.0165665,0.0339876,0
-9,0.0173175,0.0334335,0
-8,0.0181564,0.0326825,0
-7,0.0190364,0.0318436,0
-6,0.0199371,0.0309636,0
-5,0.0208488,0.0300629,0
-4,0.0217668,0.0291512,0
-3,0.0226884,0.0282332,0
-2,0.0236123,0.0273116,0
-1,0.0245373,0.0263877,0
0,0.0254627,0.0254627,0
1,0.0263877,0.0245373,0
2,0.0273116,0.0236123,0
3,0.0282332,0.0226884,0
4,0.0291512,0.0217668,0
5,0.0300629,0.0208488,0
6,0.0309636,0.0199371,0
7,0.0318436,0.0190364,0
8,0.0326825,0.0181564,0
9,0.0334335,0.0173175,0
10,0.0339876,0.0165665,0
11,0.0340902,0.0160124,0
12,0.0331942,0.0159098,0
13,0.0304181,0.0168058,0
14,0.03,0.0195819,1
15,0.03,0.02,1
16,0.03,0.02,1
17,0.03,0.02,1
18,0.03,0.02,1
19,0.03,0.02,1
20,0.03,0.02,1
21,0.03,0.02,1
22,0.03,0.02,1
23,0.03,0.02,1
24,0.03,0.02,1
25,0.025,0.02,1
