gamma,liquidation_cost,runs,qvi_mean_pnl,qvi_mean_rms_inventory,inventory_rms_reduction_pct
0.01,0.001,25,-9.5245,5.5920,72.6518
0.01,0.005,25,-182.5807,9.8084,52.0315
0.01,0.010,25,-183.1539,9.7964,52.0900
0.01,0.020,25,-184.5259,9.7865,52.1386
0.02,0.001,25,17.9175,4.6387,77.3139
0.02,0.005,25,-111.1297,7.5653,63.0016
0.02,0.010,25,-145.4046,8.3095,59.3620
0.02,0.020,25,-145.2647,8.3018,59.3995
0.05,0.001,25,56.4741,3.3150,83.7875
0.05,0.005,25,-29.1980,5.1788,74.6726
0.05,0.010,25,-67.9561,5.9598,70.8532
0.05,0.020,25,-67.6684,5.9536,70.8836
0.10,0.001,25,70.6663,2.8477,86.0733
0.10,0.005,25,21.9559,3.7720,81.5525
0.10,0.010,25,-18.9834,4.5570,77.7135
0.10,0.020,25,-19.6998,4.5728,77.6365
0.20,0.001,25,82.7475,2.4257,88.1369
0.20,0.005,25,50.4185,2.9564,85.5416
0.20,0.010,25,19.9276,3.4900,82.9321
0.20,0.020,25,17.7888,3.5286,82.7433
